{
  "intents": [
    {
      "tag": "greeting",
      "patterns": ["Hi", "Hello", "Hey"],
      "responses": ["Hello! How can I help you today?", "Hi there! What can I do for you?"]
    },
    {
      "tag": "goodbye",
      "patterns": ["Bye", "See you", "Goodbye"],
      "responses": ["Goodbye! Stay healthy!", "Take care!"]
    },
    {
      "tag": "thanks",
      "patterns": ["Thanks", "Thank you"],
      "responses": ["You're welcome!", "Happy to help!"]
    },
    {
      "tag": "fever",
      "patterns": ["I have a fever", "My body is hot"],
      "responses": ["Please rest and stay hydrated. If it continues, consult a doctor."]
    }
  ]
}